<annotation>
	<folder>blachy</folder>
	<filename>Screenshot_18.jpg</filename>
	<path>/home/maldo/PycharmProjects/labeling/blachy/Screenshot_18.jpg</path>
	<source>
		<database>Unknown</database>
	</source>
	<size>
		<width>944</width>
		<height>556</height>
		<depth>3</depth>
	</size>
	<segmented>0</segmented>
	<object>
		<name>number_plate</name>
		<pose>Unspecified</pose>
		<truncated>0</truncated>
		<difficult>0</difficult>
		<bndbox>
			<xmin>361</xmin>
			<ymin>432</ymin>
			<xmax>555</xmax>
			<ymax>493</ymax>
		</bndbox>
	</object>
</annotation>
