<annotation>
	<folder>blachy</folder>
	<filename>Screenshot_9.jpg</filename>
	<path>/home/maldo/PycharmProjects/labeling/blachy/Screenshot_9.jpg</path>
	<source>
		<database>Unknown</database>
	</source>
	<size>
		<width>510</width>
		<height>536</height>
		<depth>3</depth>
	</size>
	<segmented>0</segmented>
	<object>
		<name>number_plate</name>
		<pose>Unspecified</pose>
		<truncated>0</truncated>
		<difficult>0</difficult>
		<bndbox>
			<xmin>176</xmin>
			<ymin>391</ymin>
			<xmax>306</xmax>
			<ymax>422</ymax>
		</bndbox>
	</object>
</annotation>
