<annotation>
	<folder>blachy</folder>
	<filename>Screenshot_1.jpg</filename>
	<path>/home/maldo/PycharmProjects/labeling/blachy/Screenshot_1.jpg</path>
	<source>
		<database>Unknown</database>
	</source>
	<size>
		<width>502</width>
		<height>510</height>
		<depth>3</depth>
	</size>
	<segmented>0</segmented>
	<object>
		<name>number_plate</name>
		<pose>Unspecified</pose>
		<truncated>0</truncated>
		<difficult>0</difficult>
		<bndbox>
			<xmin>155</xmin>
			<ymin>400</ymin>
			<xmax>328</xmax>
			<ymax>453</ymax>
		</bndbox>
	</object>
</annotation>
