<annotation>
	<folder>blachy</folder>
	<filename>Screenshot_27.jpg</filename>
	<path>/home/maldo/PycharmProjects/labeling/blachy/Screenshot_27.jpg</path>
	<source>
		<database>Unknown</database>
	</source>
	<size>
		<width>952</width>
		<height>597</height>
		<depth>3</depth>
	</size>
	<segmented>0</segmented>
	<object>
		<name>number_plate</name>
		<pose>Unspecified</pose>
		<truncated>0</truncated>
		<difficult>0</difficult>
		<bndbox>
			<xmin>376</xmin>
			<ymin>453</ymin>
			<xmax>571</xmax>
			<ymax>510</ymax>
		</bndbox>
	</object>
</annotation>
