<annotation>
	<folder>blachy</folder>
	<filename>Screenshot_5.jpg</filename>
	<path>/home/maldo/PycharmProjects/labeling/blachy/Screenshot_5.jpg</path>
	<source>
		<database>Unknown</database>
	</source>
	<size>
		<width>1028</width>
		<height>658</height>
		<depth>3</depth>
	</size>
	<segmented>0</segmented>
	<object>
		<name>number_plate</name>
		<pose>Unspecified</pose>
		<truncated>0</truncated>
		<difficult>0</difficult>
		<bndbox>
			<xmin>526</xmin>
			<ymin>469</ymin>
			<xmax>795</xmax>
			<ymax>550</ymax>
		</bndbox>
	</object>
</annotation>
