<annotation>
	<folder>blachy</folder>
	<filename>Screenshot_22.jpg</filename>
	<path>/home/maldo/PycharmProjects/labeling/blachy/Screenshot_22.jpg</path>
	<source>
		<database>Unknown</database>
	</source>
	<size>
		<width>943</width>
		<height>632</height>
		<depth>3</depth>
	</size>
	<segmented>0</segmented>
	<object>
		<name>number_plate</name>
		<pose>Unspecified</pose>
		<truncated>0</truncated>
		<difficult>0</difficult>
		<bndbox>
			<xmin>233</xmin>
			<ymin>448</ymin>
			<xmax>422</xmax>
			<ymax>524</ymax>
		</bndbox>
	</object>
</annotation>
