<annotation>
	<folder>blachy</folder>
	<filename>Screenshot_17.jpg</filename>
	<path>/home/maldo/PycharmProjects/labeling/blachy/Screenshot_17.jpg</path>
	<source>
		<database>Unknown</database>
	</source>
	<size>
		<width>539</width>
		<height>523</height>
		<depth>3</depth>
	</size>
	<segmented>0</segmented>
	<object>
		<name>number_plate</name>
		<pose>Unspecified</pose>
		<truncated>0</truncated>
		<difficult>0</difficult>
		<bndbox>
			<xmin>199</xmin>
			<ymin>373</ymin>
			<xmax>350</xmax>
			<ymax>414</ymax>
		</bndbox>
	</object>
</annotation>
