<annotation>
	<folder>blachy</folder>
	<filename>Screenshot_21.jpg</filename>
	<path>/home/maldo/PycharmProjects/labeling/blachy/Screenshot_21.jpg</path>
	<source>
		<database>Unknown</database>
	</source>
	<size>
		<width>1072</width>
		<height>664</height>
		<depth>3</depth>
	</size>
	<segmented>0</segmented>
	<object>
		<name>number_plate</name>
		<pose>Unspecified</pose>
		<truncated>0</truncated>
		<difficult>0</difficult>
		<bndbox>
			<xmin>385</xmin>
			<ymin>474</ymin>
			<xmax>634</xmax>
			<ymax>554</ymax>
		</bndbox>
	</object>
</annotation>
