<annotation>
	<folder>blachy</folder>
	<filename>Screenshot_32.jpg</filename>
	<path>/home/maldo/PycharmProjects/labeling/blachy/Screenshot_32.jpg</path>
	<source>
		<database>Unknown</database>
	</source>
	<size>
		<width>886</width>
		<height>626</height>
		<depth>3</depth>
	</size>
	<segmented>0</segmented>
	<object>
		<name>number_plate</name>
		<pose>Unspecified</pose>
		<truncated>0</truncated>
		<difficult>0</difficult>
		<bndbox>
			<xmin>315</xmin>
			<ymin>481</ymin>
			<xmax>541</xmax>
			<ymax>541</ymax>
		</bndbox>
	</object>
</annotation>
