<annotation>
	<folder>blachy</folder>
	<filename>Screenshot_26.jpg</filename>
	<path>/home/maldo/PycharmProjects/labeling/blachy/Screenshot_26.jpg</path>
	<source>
		<database>Unknown</database>
	</source>
	<size>
		<width>1075</width>
		<height>641</height>
		<depth>3</depth>
	</size>
	<segmented>0</segmented>
	<object>
		<name>number_plate</name>
		<pose>Unspecified</pose>
		<truncated>0</truncated>
		<difficult>0</difficult>
		<bndbox>
			<xmin>145</xmin>
			<ymin>389</ymin>
			<xmax>376</xmax>
			<ymax>504</ymax>
		</bndbox>
	</object>
</annotation>
