<annotation>
	<folder>blachy</folder>
	<filename>Screenshot_37.jpg</filename>
	<path>/home/maldo/PycharmProjects/labeling/blachy/Screenshot_37.jpg</path>
	<source>
		<database>Unknown</database>
	</source>
	<size>
		<width>940</width>
		<height>603</height>
		<depth>3</depth>
	</size>
	<segmented>0</segmented>
	<object>
		<name>number_plate</name>
		<pose>Unspecified</pose>
		<truncated>0</truncated>
		<difficult>0</difficult>
		<bndbox>
			<xmin>374</xmin>
			<ymin>382</ymin>
			<xmax>652</xmax>
			<ymax>462</ymax>
		</bndbox>
	</object>
</annotation>
