<annotation>
	<folder>blachy</folder>
	<filename>Screenshot_20.jpg</filename>
	<path>/home/maldo/PycharmProjects/labeling/blachy/Screenshot_20.jpg</path>
	<source>
		<database>Unknown</database>
	</source>
	<size>
		<width>949</width>
		<height>621</height>
		<depth>3</depth>
	</size>
	<segmented>0</segmented>
	<object>
		<name>number_plate</name>
		<pose>Unspecified</pose>
		<truncated>0</truncated>
		<difficult>0</difficult>
		<bndbox>
			<xmin>668</xmin>
			<ymin>375</ymin>
			<xmax>843</xmax>
			<ymax>433</ymax>
		</bndbox>
	</object>
</annotation>
