<annotation>
	<folder>blachy</folder>
	<filename>Screenshot_35.jpg</filename>
	<path>/home/maldo/PycharmProjects/labeling/blachy/Screenshot_35.jpg</path>
	<source>
		<database>Unknown</database>
	</source>
	<size>
		<width>946</width>
		<height>651</height>
		<depth>3</depth>
	</size>
	<segmented>0</segmented>
	<object>
		<name>number_plate</name>
		<pose>Unspecified</pose>
		<truncated>0</truncated>
		<difficult>0</difficult>
		<bndbox>
			<xmin>319</xmin>
			<ymin>497</ymin>
			<xmax>683</xmax>
			<ymax>600</ymax>
		</bndbox>
	</object>
</annotation>
