<annotation>
	<folder>blachy</folder>
	<filename>Screenshot_4.jpg</filename>
	<path>/home/maldo/PycharmProjects/labeling/blachy/Screenshot_4.jpg</path>
	<source>
		<database>Unknown</database>
	</source>
	<size>
		<width>896</width>
		<height>614</height>
		<depth>3</depth>
	</size>
	<segmented>0</segmented>
	<object>
		<name>number_plate</name>
		<pose>Unspecified</pose>
		<truncated>0</truncated>
		<difficult>0</difficult>
		<bndbox>
			<xmin>680</xmin>
			<ymin>371</ymin>
			<xmax>874</xmax>
			<ymax>462</ymax>
		</bndbox>
	</object>
</annotation>
