<annotation>
	<folder>blachy</folder>
	<filename>Screenshot_8.jpg</filename>
	<path>/home/maldo/PycharmProjects/labeling/blachy/Screenshot_8.jpg</path>
	<source>
		<database>Unknown</database>
	</source>
	<size>
		<width>768</width>
		<height>483</height>
		<depth>3</depth>
	</size>
	<segmented>0</segmented>
	<object>
		<name>number_plate</name>
		<pose>Unspecified</pose>
		<truncated>0</truncated>
		<difficult>0</difficult>
		<bndbox>
			<xmin>276</xmin>
			<ymin>330</ymin>
			<xmax>494</xmax>
			<ymax>403</ymax>
		</bndbox>
	</object>
</annotation>
