<annotation>
	<folder>blachy</folder>
	<filename>Screenshot_23.jpg</filename>
	<path>/home/maldo/PycharmProjects/labeling/blachy/Screenshot_23.jpg</path>
	<source>
		<database>Unknown</database>
	</source>
	<size>
		<width>974</width>
		<height>662</height>
		<depth>3</depth>
	</size>
	<segmented>0</segmented>
	<object>
		<name>number_plate</name>
		<pose>Unspecified</pose>
		<truncated>0</truncated>
		<difficult>0</difficult>
		<bndbox>
			<xmin>125</xmin>
			<ymin>504</ymin>
			<xmax>377</xmax>
			<ymax>618</ymax>
		</bndbox>
	</object>
</annotation>
