<annotation>
	<folder>blachy</folder>
	<filename>Screenshot_15.jpg</filename>
	<path>/home/maldo/PycharmProjects/labeling/blachy/Screenshot_15.jpg</path>
	<source>
		<database>Unknown</database>
	</source>
	<size>
		<width>959</width>
		<height>662</height>
		<depth>3</depth>
	</size>
	<segmented>0</segmented>
	<object>
		<name>number_plate</name>
		<pose>Unspecified</pose>
		<truncated>0</truncated>
		<difficult>0</difficult>
		<bndbox>
			<xmin>142</xmin>
			<ymin>435</ymin>
			<xmax>355</xmax>
			<ymax>536</ymax>
		</bndbox>
	</object>
</annotation>
