<annotation>
	<folder>blachy</folder>
	<filename>Screenshot_3.jpg</filename>
	<path>/home/maldo/PycharmProjects/labeling/blachy/Screenshot_3.jpg</path>
	<source>
		<database>Unknown</database>
	</source>
	<size>
		<width>710</width>
		<height>598</height>
		<depth>3</depth>
	</size>
	<segmented>0</segmented>
	<object>
		<name>number_plate</name>
		<pose>Unspecified</pose>
		<truncated>0</truncated>
		<difficult>0</difficult>
		<bndbox>
			<xmin>265</xmin>
			<ymin>490</ymin>
			<xmax>443</xmax>
			<ymax>543</ymax>
		</bndbox>
	</object>
</annotation>
