<annotation>
	<folder>blachy</folder>
	<filename>Screenshot_24.jpg</filename>
	<path>/home/maldo/PycharmProjects/labeling/blachy/Screenshot_24.jpg</path>
	<source>
		<database>Unknown</database>
	</source>
	<size>
		<width>947</width>
		<height>661</height>
		<depth>3</depth>
	</size>
	<segmented>0</segmented>
	<object>
		<name>number_plate</name>
		<pose>Unspecified</pose>
		<truncated>0</truncated>
		<difficult>0</difficult>
		<bndbox>
			<xmin>362</xmin>
			<ymin>506</ymin>
			<xmax>646</xmax>
			<ymax>601</ymax>
		</bndbox>
	</object>
</annotation>
