<annotation>
	<folder>blachy</folder>
	<filename>Screenshot_10.jpg</filename>
	<path>/home/maldo/PycharmProjects/labeling/blachy/Screenshot_10.jpg</path>
	<source>
		<database>Unknown</database>
	</source>
	<size>
		<width>939</width>
		<height>641</height>
		<depth>3</depth>
	</size>
	<segmented>0</segmented>
	<object>
		<name>number_plate</name>
		<pose>Unspecified</pose>
		<truncated>0</truncated>
		<difficult>0</difficult>
		<bndbox>
			<xmin>354</xmin>
			<ymin>452</ymin>
			<xmax>566</xmax>
			<ymax>522</ymax>
		</bndbox>
	</object>
</annotation>
