<annotation>
	<folder>blachy</folder>
	<filename>Screenshot_31.jpg</filename>
	<path>/home/maldo/PycharmProjects/labeling/blachy/Screenshot_31.jpg</path>
	<source>
		<database>Unknown</database>
	</source>
	<size>
		<width>837</width>
		<height>453</height>
		<depth>3</depth>
	</size>
	<segmented>0</segmented>
	<object>
		<name>number_plate</name>
		<pose>Unspecified</pose>
		<truncated>0</truncated>
		<difficult>0</difficult>
		<bndbox>
			<xmin>328</xmin>
			<ymin>350</ymin>
			<xmax>486</xmax>
			<ymax>399</ymax>
		</bndbox>
	</object>
</annotation>
