<annotation>
	<folder>blachy</folder>
	<filename>Screenshot_2.jpg</filename>
	<path>/home/maldo/PycharmProjects/labeling/blachy/Screenshot_2.jpg</path>
	<source>
		<database>Unknown</database>
	</source>
	<size>
		<width>1012</width>
		<height>660</height>
		<depth>3</depth>
	</size>
	<segmented>0</segmented>
	<object>
		<name>number_plate</name>
		<pose>Unspecified</pose>
		<truncated>0</truncated>
		<difficult>0</difficult>
		<bndbox>
			<xmin>222</xmin>
			<ymin>485</ymin>
			<xmax>413</xmax>
			<ymax>548</ymax>
		</bndbox>
	</object>
</annotation>
