<annotation>
	<folder>blachy</folder>
	<filename>Screenshot_30.jpg</filename>
	<path>/home/maldo/PycharmProjects/labeling/blachy/Screenshot_30.jpg</path>
	<source>
		<database>Unknown</database>
	</source>
	<size>
		<width>990</width>
		<height>618</height>
		<depth>3</depth>
	</size>
	<segmented>0</segmented>
	<object>
		<name>number_plate</name>
		<pose>Unspecified</pose>
		<truncated>0</truncated>
		<difficult>0</difficult>
		<bndbox>
			<xmin>353</xmin>
			<ymin>495</ymin>
			<xmax>574</xmax>
			<ymax>556</ymax>
		</bndbox>
	</object>
</annotation>
