<annotation>
	<folder>blachy</folder>
	<filename>Screenshot_33.jpg</filename>
	<path>/home/maldo/PycharmProjects/labeling/blachy/Screenshot_33.jpg</path>
	<source>
		<database>Unknown</database>
	</source>
	<size>
		<width>1091</width>
		<height>647</height>
		<depth>3</depth>
	</size>
	<segmented>0</segmented>
	<object>
		<name>number_plate</name>
		<pose>Unspecified</pose>
		<truncated>0</truncated>
		<difficult>0</difficult>
		<bndbox>
			<xmin>175</xmin>
			<ymin>454</ymin>
			<xmax>397</xmax>
			<ymax>532</ymax>
		</bndbox>
	</object>
</annotation>
