<annotation>
	<folder>blachy</folder>
	<filename>Screenshot_34.jpg</filename>
	<path>/home/maldo/PycharmProjects/labeling/blachy/Screenshot_34.jpg</path>
	<source>
		<database>Unknown</database>
	</source>
	<size>
		<width>975</width>
		<height>613</height>
		<depth>3</depth>
	</size>
	<segmented>0</segmented>
	<object>
		<name>number_plate</name>
		<pose>Unspecified</pose>
		<truncated>0</truncated>
		<difficult>0</difficult>
		<bndbox>
			<xmin>291</xmin>
			<ymin>449</ymin>
			<xmax>510</xmax>
			<ymax>515</ymax>
		</bndbox>
	</object>
</annotation>
