<annotation>
	<folder>blachy</folder>
	<filename>Screenshot_12.jpg</filename>
	<path>/home/maldo/PycharmProjects/labeling/blachy/Screenshot_12.jpg</path>
	<source>
		<database>Unknown</database>
	</source>
	<size>
		<width>947</width>
		<height>659</height>
		<depth>3</depth>
	</size>
	<segmented>0</segmented>
	<object>
		<name>number_plate</name>
		<pose>Unspecified</pose>
		<truncated>0</truncated>
		<difficult>0</difficult>
		<bndbox>
			<xmin>356</xmin>
			<ymin>504</ymin>
			<xmax>640</xmax>
			<ymax>579</ymax>
		</bndbox>
	</object>
</annotation>
