<annotation>
	<folder>blachy</folder>
	<filename>Screenshot_14.jpg</filename>
	<path>/home/maldo/PycharmProjects/labeling/blachy/Screenshot_14.jpg</path>
	<source>
		<database>Unknown</database>
	</source>
	<size>
		<width>1085</width>
		<height>689</height>
		<depth>3</depth>
	</size>
	<segmented>0</segmented>
	<object>
		<name>number_plate</name>
		<pose>Unspecified</pose>
		<truncated>0</truncated>
		<difficult>0</difficult>
		<bndbox>
			<xmin>390</xmin>
			<ymin>568</ymin>
			<xmax>720</xmax>
			<ymax>665</ymax>
		</bndbox>
	</object>
</annotation>
