<annotation>
	<folder>blachy</folder>
	<filename>Screenshot_29.jpg</filename>
	<path>/home/maldo/PycharmProjects/labeling/blachy/Screenshot_29.jpg</path>
	<source>
		<database>Unknown</database>
	</source>
	<size>
		<width>710</width>
		<height>452</height>
		<depth>3</depth>
	</size>
	<segmented>0</segmented>
	<object>
		<name>number_plate</name>
		<pose>Unspecified</pose>
		<truncated>0</truncated>
		<difficult>0</difficult>
		<bndbox>
			<xmin>274</xmin>
			<ymin>313</ymin>
			<xmax>452</xmax>
			<ymax>362</ymax>
		</bndbox>
	</object>
</annotation>
