<annotation>
	<folder>blachy</folder>
	<filename>Screenshot_19.jpg</filename>
	<path>/home/maldo/PycharmProjects/labeling/blachy/Screenshot_19.jpg</path>
	<source>
		<database>Unknown</database>
	</source>
	<size>
		<width>956</width>
		<height>664</height>
		<depth>3</depth>
	</size>
	<segmented>0</segmented>
	<object>
		<name>number_plate</name>
		<pose>Unspecified</pose>
		<truncated>0</truncated>
		<difficult>0</difficult>
		<bndbox>
			<xmin>540</xmin>
			<ymin>446</ymin>
			<xmax>762</xmax>
			<ymax>512</ymax>
		</bndbox>
	</object>
</annotation>
