<annotation>
	<folder>blachy</folder>
	<filename>Screenshot_13.jpg</filename>
	<path>/home/maldo/PycharmProjects/labeling/blachy/Screenshot_13.jpg</path>
	<source>
		<database>Unknown</database>
	</source>
	<size>
		<width>950</width>
		<height>680</height>
		<depth>3</depth>
	</size>
	<segmented>0</segmented>
	<object>
		<name>number_plate</name>
		<pose>Unspecified</pose>
		<truncated>0</truncated>
		<difficult>0</difficult>
		<bndbox>
			<xmin>353</xmin>
			<ymin>574</ymin>
			<xmax>608</xmax>
			<ymax>646</ymax>
		</bndbox>
	</object>
</annotation>
