<annotation>
	<folder>blachy</folder>
	<filename>Screenshot_6.jpg</filename>
	<path>/home/maldo/PycharmProjects/labeling/blachy/Screenshot_6.jpg</path>
	<source>
		<database>Unknown</database>
	</source>
	<size>
		<width>863</width>
		<height>632</height>
		<depth>3</depth>
	</size>
	<segmented>0</segmented>
	<object>
		<name>number_plate</name>
		<pose>Unspecified</pose>
		<truncated>0</truncated>
		<difficult>0</difficult>
		<bndbox>
			<xmin>291</xmin>
			<ymin>444</ymin>
			<xmax>491</xmax>
			<ymax>512</ymax>
		</bndbox>
	</object>
</annotation>
